{"Relation":[{"type":"condition","source":"chromeClick UI element in window","target":"chromePopulate text field in window"},{"type":"condition","source":"chromeClick UI element in window","target":"chromeSelect menu option in window"},{"type":"condition","source":"msedgePress button in window","target":"msedgeClick UI element in window"},{"type":"condition","source":"msedgeClick UI element in window","target":"msedgeSelect menu option in window"},{"type":"condition","source":"msedgeSelect menu option in window","target":"msedgePopulate text field in window"},{"type":"condition","source":"msedgePopulate text field in window","target":"msedgeSet checkbox state in window"},{"type":"condition","source":"Send keys","target":"msedgeSet checkbox state in window"},{"type":"condition","source":"Send keys","target":"firefoxClick UI element in window"},{"type":"condition","source":"Send keys","target":"OUTLOOKSet checkbox state in window"},{"type":"condition","source":"Press button in window","target":"OUTLOOKPress button in window"},{"type":"condition","source":"Press button in window","target":"OUTLOOKClick UI element in window"},{"type":"condition","source":"Press button in window","target":"ShellExperienceHostClick UI element in window"},{"type":"condition","source":"OUTLOOKPress button in window","target":"OUTLOOKSelect menu option in window"},{"type":"condition","source":"OUTLOOKClick UI element in window","target":"OUTLOOKSelect menu option in window"},{"type":"condition","source":"firefoxPress button in window","target":"firefoxPopulate text field in window"},{"type":"condition","source":"firefoxPopulate text field in window","target":"firefoxClick UI element in window"},{"type":"condition","source":"Click UI element in window","target":"chromeSelect menu option in window"},{"type":"condition","source":"chromePress button in window","target":"chromeSelect menu option in window"},{"type":"condition","source":"OUTLOOKSelect menu option in window","target":"OUTLOOKSet checkbox state in window"},{"type":"response","source":"chromePopulate text field in window","target":"chromeClick UI element in window"},{"type":"response","source":"msedgeClick UI element in window","target":"msedgePress button in window"},{"type":"response","source":"msedgeSelect menu option in window","target":"msedgePopulate text field in window"},{"type":"response","source":"msedgePopulate text field in window","target":"msedgeClick UI element in window"},{"type":"response","source":"msedgeSet checkbox state in window","target":"msedgePopulate text field in window"},{"type":"response","source":"firefoxPress button in window","target":"firefoxPopulate text field in window"},{"type":"response","source":"firefoxPopulate text field in window","target":"Send keys"},{"type":"response","source":"firefoxPopulate text field in window","target":"firefoxClick UI element in window"},{"type":"response","source":"chromeSelect tab in window","target":"chromeClick UI element in window"},{"type":"response","source":"Click UI element in window","target":"chromeClick UI element in window"},{"type":"response","source":"Click UI element in window","target":"chromePress button in window"},{"type":"response","source":"chromeSelect menu option in window","target":"chromeClick UI element in window"},{"type":"response","source":"chromeSelect menu option in window","target":"chromePress button in window"},{"type":"response","source":"OUTLOOKSelect menu option in window","target":"Send keys"},{"type":"response","source":"OUTLOOKSelect menu option in window","target":"OUTLOOKPress button in window"},{"type":"response","source":"OUTLOOKSelect menu option in window","target":"OUTLOOKClick UI element in window"},{"type":"response","source":"OUTLOOKSet checkbox state in window","target":"Send keys"},{"type":"response","source":"OUTLOOKSet checkbox state in window","target":"OUTLOOKPress button in window"},{"type":"response","source":"OUTLOOKSet checkbox state in window","target":"OUTLOOKClick UI element in window"},{"type":"include","source":"chromeClick UI element in window","target":"chromePopulate text field in window"},{"type":"include","source":"msedgeClick UI element in window","target":"msedgeSelect menu option in window"},{"type":"include","source":"Send keys","target":"OUTLOOKSet checkbox state in window"},{"type":"include","source":"OUTLOOKClick UI element in window","target":"OUTLOOKSelect menu option in window"},{"type":"exclude","source":"chromePopulate text field in window","target":"chromePopulate text field in window"},{"type":"exclude","source":"msedgeSelect menu option in window","target":"msedgeSelect menu option in window"},{"type":"exclude","source":"msedgeSet checkbox state in window","target":"Send keys"},{"type":"exclude","source":"firefoxPress button in window","target":"chromeClick UI element in window"},{"type":"exclude","source":"firefoxPress button in window","target":"chromePopulate text field in window"},{"type":"exclude","source":"firefoxPress button in window","target":"msedgePress button in window"},{"type":"exclude","source":"firefoxPress button in window","target":"msedgeClick UI element in window"},{"type":"exclude","source":"firefoxPress button in window","target":"msedgeSelect menu option in window"},{"type":"exclude","source":"firefoxPress button in window","target":"msedgePopulate text field in window"},{"type":"exclude","source":"firefoxPress button in window","target":"msedgeSet checkbox state in window"},{"type":"exclude","source":"firefoxPress button in window","target":"Press button in window"},{"type":"exclude","source":"firefoxPress button in window","target":"OUTLOOKPress button in window"},{"type":"exclude","source":"firefoxPress button in window","target":"OUTLOOKClick UI element in window"},{"type":"exclude","source":"firefoxPress button in window","target":"firefoxPress button in window"},{"type":"exclude","source":"firefoxPress button in window","target":"ShellExperienceHostClick UI element in window"},{"type":"exclude","source":"firefoxPress button in window","target":"chromeSelect tab in window"},{"type":"exclude","source":"firefoxPress button in window","target":"Click UI element in window"},{"type":"exclude","source":"firefoxPress button in window","target":"chromePress button in window"},{"type":"exclude","source":"firefoxPress button in window","target":"chromeSelect menu option in window"},{"type":"exclude","source":"firefoxPress button in window","target":"OUTLOOKSelect menu option in window"},{"type":"exclude","source":"firefoxPress button in window","target":"OUTLOOKSet checkbox state in window"},{"type":"exclude","source":"firefoxPopulate text field in window","target":"firefoxPopulate text field in window"},{"type":"exclude","source":"firefoxClick UI element in window","target":"Send keys"},{"type":"exclude","source":"ShellExperienceHostClick UI element in window","target":"Send keys"},{"type":"exclude","source":"ShellExperienceHostClick UI element in window","target":"Press button in window"},{"type":"exclude","source":"ShellExperienceHostClick UI element in window","target":"OUTLOOKPress button in window"},{"type":"exclude","source":"ShellExperienceHostClick UI element in window","target":"OUTLOOKClick UI element in window"},{"type":"exclude","source":"ShellExperienceHostClick UI element in window","target":"ShellExperienceHostClick UI element in window"},{"type":"exclude","source":"ShellExperienceHostClick UI element in window","target":"OUTLOOKSelect menu option in window"},{"type":"exclude","source":"ShellExperienceHostClick UI element in window","target":"OUTLOOKSet checkbox state in window"},{"type":"exclude","source":"chromeSelect tab in window","target":"chromePopulate text field in window"},{"type":"exclude","source":"chromeSelect tab in window","target":"msedgePress button in window"},{"type":"exclude","source":"chromeSelect tab in window","target":"msedgeClick UI element in window"},{"type":"exclude","source":"chromeSelect tab in window","target":"msedgeSelect menu option in window"},{"type":"exclude","source":"chromeSelect tab in window","target":"msedgePopulate text field in window"},{"type":"exclude","source":"chromeSelect tab in window","target":"Send keys"},{"type":"exclude","source":"chromeSelect tab in window","target":"msedgeSet checkbox state in window"},{"type":"exclude","source":"chromeSelect tab in window","target":"Press button in window"},{"type":"exclude","source":"chromeSelect tab in window","target":"OUTLOOKPress button in window"},{"type":"exclude","source":"chromeSelect tab in window","target":"OUTLOOKClick UI element in window"},{"type":"exclude","source":"chromeSelect tab in window","target":"firefoxPress button in window"},{"type":"exclude","source":"chromeSelect tab in window","target":"firefoxPopulate text field in window"},{"type":"exclude","source":"chromeSelect tab in window","target":"firefoxClick UI element in window"},{"type":"exclude","source":"chromeSelect tab in window","target":"ShellExperienceHostClick UI element in window"},{"type":"exclude","source":"chromeSelect tab in window","target":"chromeSelect tab in window"},{"type":"exclude","source":"chromeSelect tab in window","target":"Click UI element in window"},{"type":"exclude","source":"chromeSelect tab in window","target":"chromePress button in window"},{"type":"exclude","source":"chromeSelect tab in window","target":"chromeSelect menu option in window"},{"type":"exclude","source":"chromeSelect tab in window","target":"OUTLOOKSelect menu option in window"},{"type":"exclude","source":"chromeSelect tab in window","target":"OUTLOOKSet checkbox state in window"},{"type":"exclude","source":"Click UI element in window","target":"msedgePress button in window"},{"type":"exclude","source":"Click UI element in window","target":"msedgeClick UI element in window"},{"type":"exclude","source":"Click UI element in window","target":"msedgeSelect menu option in window"},{"type":"exclude","source":"Click UI element in window","target":"msedgePopulate text field in window"},{"type":"exclude","source":"Click UI element in window","target":"msedgeSet checkbox state in window"},{"type":"exclude","source":"Click UI element in window","target":"Press button in window"},{"type":"exclude","source":"Click UI element in window","target":"OUTLOOKPress button in window"},{"type":"exclude","source":"Click UI element in window","target":"OUTLOOKClick UI element in window"},{"type":"exclude","source":"Click UI element in window","target":"firefoxPress button in window"},{"type":"exclude","source":"Click UI element in window","target":"firefoxPopulate text field in window"},{"type":"exclude","source":"Click UI element in window","target":"firefoxClick UI element in window"},{"type":"exclude","source":"Click UI element in window","target":"ShellExperienceHostClick UI element in window"},{"type":"exclude","source":"Click UI element in window","target":"chromeSelect tab in window"},{"type":"exclude","source":"Click UI element in window","target":"Click UI element in window"},{"type":"exclude","source":"Click UI element in window","target":"OUTLOOKSelect menu option in window"},{"type":"exclude","source":"Click UI element in window","target":"OUTLOOKSet checkbox state in window"},{"type":"exclude","source":"chromeSelect menu option in window","target":"chromePopulate text field in window"},{"type":"exclude","source":"chromeSelect menu option in window","target":"Send keys"},{"type":"exclude","source":"OUTLOOKSelect menu option in window","target":"Press button in window"},{"type":"exclude","source":"OUTLOOKSelect menu option in window","target":"OUTLOOKSelect menu option in window"},{"type":"exclude","source":"OUTLOOKSet checkbox state in window","target":"OUTLOOKSet checkbox state in window"}]}